Draw_Date,Day,Lottery_Name,Draw_No,Prize_Tier,Prize_Amount,Series,Full_Number,Last_4
2026-05-02,Saturday,Karunya,Unknown,1st,10000000,KH,710104,0104
2026-05-02,Saturday,Karunya,Unknown,Consolation,5000,KA,710104,0104
2026-05-02,Saturday,Karunya,Unknown,Consolation,5000,KB,710104,0104
2026-05-02,Saturday,Karunya,Unknown,Consolation,5000,KC,710104,0104
2026-05-02,Saturday,Karunya,Unknown,Consolation,5000,KD,710104,0104
2026-05-02,Saturday,Karunya,Unknown,Consolation,5000,KE,710104,0104
2026-05-02,Saturday,Karunya,Unknown,Consolation,5000,KF,710104,0104
2026-05-02,Saturday,Karunya,Unknown,Consolation,5000,KG,710104,0104
2026-05-02,Saturday,Karunya,Unknown,Consolation,5000,KJ,710104,0104
2026-05-02,Saturday,Karunya,Unknown,Consolation,5000,KK,710104,0104
2026-05-02,Saturday,Karunya,Unknown,Consolation,5000,KL,710104,0104
2026-05-02,Saturday,Karunya,Unknown,Consolation,5000,KM,710104,0104
2026-05-02,Saturday,Karunya,Unknown,2nd,3000000,KM,163302,3302
2026-05-02,Saturday,Karunya,Unknown,3rd,500000,KG,561521,1521
2026-05-02,Saturday,Karunya,Unknown,4th,5000,NA,0317,0317
2026-05-02,Saturday,Karunya,Unknown,4th,5000,NA,0661,0661
2026-05-02,Saturday,Karunya,Unknown,4th,5000,NA,1301,1301
2026-05-02,Saturday,Karunya,Unknown,4th,5000,NA,1317,1317
2026-05-02,Saturday,Karunya,Unknown,4th,5000,NA,1786,1786
2026-05-02,Saturday,Karunya,Unknown,4th,5000,NA,2037,2037
2026-05-02,Saturday,Karunya,Unknown,4th,5000,NA,2390,2390
2026-05-02,Saturday,Karunya,Unknown,4th,5000,NA,2470,2470
2026-05-02,Saturday,Karunya,Unknown,4th,5000,NA,2558,2558
2026-05-02,Saturday,Karunya,Unknown,4th,5000,NA,2592,2592
2026-05-02,Saturday,Karunya,Unknown,4th,5000,NA,2594,2594
2026-05-02,Saturday,Karunya,Unknown,4th,5000,NA,4126,4126
2026-05-02,Saturday,Karunya,Unknown,4th,5000,NA,4665,4665
2026-05-02,Saturday,Karunya,Unknown,4th,5000,NA,5191,5191
2026-05-02,Saturday,Karunya,Unknown,4th,5000,NA,5548,5548
2026-05-02,Saturday,Karunya,Unknown,4th,5000,NA,5675,5675
2026-05-02,Saturday,Karunya,Unknown,4th,5000,NA,5812,5812
2026-05-02,Saturday,Karunya,Unknown,4th,5000,NA,7529,7529
2026-05-02,Saturday,Karunya,Unknown,4th,5000,NA,7644,7644
2026-05-02,Saturday,Karunya,Unknown,5th,2000,NA,1506,1506
2026-05-02,Saturday,Karunya,Unknown,5th,2000,NA,1812,1812
2026-05-02,Saturday,Karunya,Unknown,5th,2000,NA,4201,4201
2026-05-02,Saturday,Karunya,Unknown,5th,2000,NA,6405,6405
2026-05-02,Saturday,Karunya,Unknown,5th,2000,NA,7849,7849
2026-05-02,Saturday,Karunya,Unknown,5th,2000,NA,8656,8656
2026-05-02,Saturday,Karunya,Unknown,6th,1000,NA,1438,1438
2026-05-02,Saturday,Karunya,Unknown,6th,1000,NA,2339,2339
2026-05-02,Saturday,Karunya,Unknown,6th,1000,NA,2545,2545
2026-05-02,Saturday,Karunya,Unknown,6th,1000,NA,2814,2814
2026-05-02,Saturday,Karunya,Unknown,6th,1000,NA,3320,3320
2026-05-02,Saturday,Karunya,Unknown,6th,1000,NA,3700,3700
2026-05-02,Saturday,Karunya,Unknown,6th,1000,NA,3713,3713
2026-05-02,Saturday,Karunya,Unknown,6th,1000,NA,3729,3729
2026-05-02,Saturday,Karunya,Unknown,6th,1000,NA,3845,3845
2026-05-02,Saturday,Karunya,Unknown,6th,1000,NA,4012,4012
2026-05-02,Saturday,Karunya,Unknown,6th,1000,NA,4656,4656
2026-05-02,Saturday,Karunya,Unknown,6th,1000,NA,4759,4759
2026-05-02,Saturday,Karunya,Unknown,6th,1000,NA,5529,5529
2026-05-02,Saturday,Karunya,Unknown,6th,1000,NA,5844,5844
2026-05-02,Saturday,Karunya,Unknown,6th,1000,NA,6404,6404
2026-05-02,Saturday,Karunya,Unknown,6th,1000,NA,6520,6520
2026-05-02,Saturday,Karunya,Unknown,6th,1000,NA,6894,6894
2026-05-02,Saturday,Karunya,Unknown,6th,1000,NA,7191,7191
2026-05-02,Saturday,Karunya,Unknown,6th,1000,NA,7722,7722
2026-05-02,Saturday,Karunya,Unknown,6th,1000,NA,7842,7842
2026-05-02,Saturday,Karunya,Unknown,6th,1000,NA,8815,8815
2026-05-02,Saturday,Karunya,Unknown,6th,1000,NA,9012,9012
2026-05-02,Saturday,Karunya,Unknown,6th,1000,NA,9096,9096
2026-05-02,Saturday,Karunya,Unknown,6th,1000,NA,9250,9250
2026-05-02,Saturday,Karunya,Unknown,6th,1000,NA,9972,9972
2026-05-02,Saturday,Karunya,Unknown,7th,500,NA,0030,0030
2026-05-02,Saturday,Karunya,Unknown,7th,500,NA,0104,0104
2026-05-02,Saturday,Karunya,Unknown,7th,500,NA,0512,0512
2026-05-02,Saturday,Karunya,Unknown,7th,500,NA,0754,0754
2026-05-02,Saturday,Karunya,Unknown,7th,500,NA,1099,1099
2026-05-02,Saturday,Karunya,Unknown,7th,500,NA,1251,1251
2026-05-02,Saturday,Karunya,Unknown,7th,500,NA,1303,1303
2026-05-02,Saturday,Karunya,Unknown,7th,500,NA,1546,1546
2026-05-02,Saturday,Karunya,Unknown,7th,500,NA,1639,1639
2026-05-02,Saturday,Karunya,Unknown,7th,500,NA,1682,1682
2026-05-02,Saturday,Karunya,Unknown,7th,500,NA,1684,1684
2026-05-02,Saturday,Karunya,Unknown,7th,500,NA,1713,1713
2026-05-02,Saturday,Karunya,Unknown,7th,500,NA,1858,1858
2026-05-02,Saturday,Karunya,Unknown,7th,500,NA,1910,1910
2026-05-02,Saturday,Karunya,Unknown,7th,500,NA,1936,1936
2026-05-02,Saturday,Karunya,Unknown,7th,500,NA,2009,2009
2026-05-02,Saturday,Karunya,Unknown,7th,500,NA,2108,2108
2026-05-02,Saturday,Karunya,Unknown,7th,500,NA,2214,2214
2026-05-02,Saturday,Karunya,Unknown,7th,500,NA,2410,2410
2026-05-02,Saturday,Karunya,Unknown,7th,500,NA,2553,2553
2026-05-02,Saturday,Karunya,Unknown,7th,500,NA,2660,2660
2026-05-02,Saturday,Karunya,Unknown,7th,500,NA,2705,2705
2026-05-02,Saturday,Karunya,Unknown,7th,500,NA,2839,2839
2026-05-02,Saturday,Karunya,Unknown,7th,500,NA,2880,2880
2026-05-02,Saturday,Karunya,Unknown,7th,500,NA,2914,2914
2026-05-02,Saturday,Karunya,Unknown,7th,500,NA,3135,3135
2026-05-02,Saturday,Karunya,Unknown,7th,500,NA,3156,3156
2026-05-02,Saturday,Karunya,Unknown,7th,500,NA,3498,3498
2026-05-02,Saturday,Karunya,Unknown,7th,500,NA,3601,3601
2026-05-02,Saturday,Karunya,Unknown,7th,500,NA,3681,3681
2026-05-02,Saturday,Karunya,Unknown,7th,500,NA,4155,4155
2026-05-02,Saturday,Karunya,Unknown,7th,500,NA,4549,4549
2026-05-02,Saturday,Karunya,Unknown,7th,500,NA,4717,4717
2026-05-02,Saturday,Karunya,Unknown,7th,500,NA,4756,4756
2026-05-02,Saturday,Karunya,Unknown,7th,500,NA,4770,4770
2026-05-02,Saturday,Karunya,Unknown,7th,500,NA,4865,4865
2026-05-02,Saturday,Karunya,Unknown,7th,500,NA,4992,4992
2026-05-02,Saturday,Karunya,Unknown,7th,500,NA,5160,5160
2026-05-02,Saturday,Karunya,Unknown,7th,500,NA,5702,5702
2026-05-02,Saturday,Karunya,Unknown,7th,500,NA,5740,5740
2026-05-02,Saturday,Karunya,Unknown,7th,500,NA,5937,5937
2026-05-02,Saturday,Karunya,Unknown,7th,500,NA,6056,6056
2026-05-02,Saturday,Karunya,Unknown,7th,500,NA,6117,6117
2026-05-02,Saturday,Karunya,Unknown,7th,500,NA,6200,6200
2026-05-02,Saturday,Karunya,Unknown,7th,500,NA,6430,6430
2026-05-02,Saturday,Karunya,Unknown,7th,500,NA,6431,6431
2026-05-02,Saturday,Karunya,Unknown,7th,500,NA,6510,6510
2026-05-02,Saturday,Karunya,Unknown,7th,500,NA,6646,6646
2026-05-02,Saturday,Karunya,Unknown,7th,500,NA,6679,6679
2026-05-02,Saturday,Karunya,Unknown,7th,500,NA,6812,6812
2026-05-02,Saturday,Karunya,Unknown,7th,500,NA,7030,7030
2026-05-02,Saturday,Karunya,Unknown,7th,500,NA,7314,7314
2026-05-02,Saturday,Karunya,Unknown,7th,500,NA,7341,7341
2026-05-02,Saturday,Karunya,Unknown,7th,500,NA,7417,7417
2026-05-02,Saturday,Karunya,Unknown,7th,500,NA,7467,7467
2026-05-02,Saturday,Karunya,Unknown,7th,500,NA,7656,7656
2026-05-02,Saturday,Karunya,Unknown,7th,500,NA,7694,7694
2026-05-02,Saturday,Karunya,Unknown,7th,500,NA,7703,7703
2026-05-02,Saturday,Karunya,Unknown,7th,500,NA,7868,7868
2026-05-02,Saturday,Karunya,Unknown,7th,500,NA,7913,7913
2026-05-02,Saturday,Karunya,Unknown,7th,500,NA,7962,7962
2026-05-02,Saturday,Karunya,Unknown,7th,500,NA,8045,8045
2026-05-02,Saturday,Karunya,Unknown,7th,500,NA,8394,8394
2026-05-02,Saturday,Karunya,Unknown,7th,500,NA,8421,8421
2026-05-02,Saturday,Karunya,Unknown,7th,500,NA,8559,8559
2026-05-02,Saturday,Karunya,Unknown,7th,500,NA,8896,8896
2026-05-02,Saturday,Karunya,Unknown,7th,500,NA,8903,8903
2026-05-02,Saturday,Karunya,Unknown,7th,500,NA,9024,9024
2026-05-02,Saturday,Karunya,Unknown,7th,500,NA,9141,9141
2026-05-02,Saturday,Karunya,Unknown,7th,500,NA,9224,9224
2026-05-02,Saturday,Karunya,Unknown,7th,500,NA,9326,9326
2026-05-02,Saturday,Karunya,Unknown,7th,500,NA,9415,9415
2026-05-02,Saturday,Karunya,Unknown,7th,500,NA,9465,9465
2026-05-02,Saturday,Karunya,Unknown,7th,500,NA,9485,9485
2026-05-02,Saturday,Karunya,Unknown,7th,500,NA,9847,9847
2026-05-02,Saturday,Karunya,Unknown,7th,500,NA,9876,9876
2026-05-02,Saturday,Karunya,Unknown,8th,200,NA,0076,0076
2026-05-02,Saturday,Karunya,Unknown,8th,200,NA,0098,0098
2026-05-02,Saturday,Karunya,Unknown,8th,200,NA,0237,0237
2026-05-02,Saturday,Karunya,Unknown,8th,200,NA,0286,0286
2026-05-02,Saturday,Karunya,Unknown,8th,200,NA,0455,0455
2026-05-02,Saturday,Karunya,Unknown,8th,200,NA,0465,0465
2026-05-02,Saturday,Karunya,Unknown,8th,200,NA,0796,0796
2026-05-02,Saturday,Karunya,Unknown,8th,200,NA,0901,0901
2026-05-02,Saturday,Karunya,Unknown,8th,200,NA,0912,0912
2026-05-02,Saturday,Karunya,Unknown,8th,200,NA,0936,0936
2026-05-02,Saturday,Karunya,Unknown,8th,200,NA,0943,0943
2026-05-02,Saturday,Karunya,Unknown,8th,200,NA,1044,1044
2026-05-02,Saturday,Karunya,Unknown,8th,200,NA,1133,1133
2026-05-02,Saturday,Karunya,Unknown,8th,200,NA,1330,1330
2026-05-02,Saturday,Karunya,Unknown,8th,200,NA,1346,1346
2026-05-02,Saturday,Karunya,Unknown,8th,200,NA,1347,1347
2026-05-02,Saturday,Karunya,Unknown,8th,200,NA,1494,1494
2026-05-02,Saturday,Karunya,Unknown,8th,200,NA,1521,1521
2026-05-02,Saturday,Karunya,Unknown,8th,200,NA,1554,1554
2026-05-02,Saturday,Karunya,Unknown,8th,200,NA,2224,2224
2026-05-02,Saturday,Karunya,Unknown,8th,200,NA,2311,2311
2026-05-02,Saturday,Karunya,Unknown,8th,200,NA,2327,2327
2026-05-02,Saturday,Karunya,Unknown,8th,200,NA,2364,2364
2026-05-02,Saturday,Karunya,Unknown,8th,200,NA,2424,2424
2026-05-02,Saturday,Karunya,Unknown,8th,200,NA,2560,2560
2026-05-02,Saturday,Karunya,Unknown,8th,200,NA,2593,2593
2026-05-02,Saturday,Karunya,Unknown,8th,200,NA,2887,2887
2026-05-02,Saturday,Karunya,Unknown,8th,200,NA,3017,3017
2026-05-02,Saturday,Karunya,Unknown,8th,200,NA,3051,3051
2026-05-02,Saturday,Karunya,Unknown,8th,200,NA,3269,3269
2026-05-02,Saturday,Karunya,Unknown,8th,200,NA,3279,3279
2026-05-02,Saturday,Karunya,Unknown,8th,200,NA,3380,3380
2026-05-02,Saturday,Karunya,Unknown,8th,200,NA,3527,3527
2026-05-02,Saturday,Karunya,Unknown,8th,200,NA,3623,3623
2026-05-02,Saturday,Karunya,Unknown,8th,200,NA,3792,3792
2026-05-02,Saturday,Karunya,Unknown,8th,200,NA,3809,3809
2026-05-02,Saturday,Karunya,Unknown,8th,200,NA,3912,3912
2026-05-02,Saturday,Karunya,Unknown,8th,200,NA,3979,3979
2026-05-02,Saturday,Karunya,Unknown,8th,200,NA,4128,4128
2026-05-02,Saturday,Karunya,Unknown,8th,200,NA,4260,4260
2026-05-02,Saturday,Karunya,Unknown,8th,200,NA,4266,4266
2026-05-02,Saturday,Karunya,Unknown,8th,200,NA,4371,4371
2026-05-02,Saturday,Karunya,Unknown,8th,200,NA,4437,4437
2026-05-02,Saturday,Karunya,Unknown,8th,200,NA,4490,4490
2026-05-02,Saturday,Karunya,Unknown,8th,200,NA,4634,4634
2026-05-02,Saturday,Karunya,Unknown,8th,200,NA,4643,4643
2026-05-02,Saturday,Karunya,Unknown,8th,200,NA,4766,4766
2026-05-02,Saturday,Karunya,Unknown,8th,200,NA,5013,5013
2026-05-02,Saturday,Karunya,Unknown,8th,200,NA,5253,5253
2026-05-02,Saturday,Karunya,Unknown,8th,200,NA,5353,5353
2026-05-02,Saturday,Karunya,Unknown,8th,200,NA,5455,5455
2026-05-02,Saturday,Karunya,Unknown,8th,200,NA,5549,5549
2026-05-02,Saturday,Karunya,Unknown,8th,200,NA,5614,5614
2026-05-02,Saturday,Karunya,Unknown,8th,200,NA,5660,5660
2026-05-02,Saturday,Karunya,Unknown,8th,200,NA,6119,6119
2026-05-02,Saturday,Karunya,Unknown,8th,200,NA,6126,6126
2026-05-02,Saturday,Karunya,Unknown,8th,200,NA,6399,6399
2026-05-02,Saturday,Karunya,Unknown,8th,200,NA,6458,6458
2026-05-02,Saturday,Karunya,Unknown,8th,200,NA,6486,6486
2026-05-02,Saturday,Karunya,Unknown,8th,200,NA,6554,6554
2026-05-02,Saturday,Karunya,Unknown,8th,200,NA,6664,6664
2026-05-02,Saturday,Karunya,Unknown,8th,200,NA,6729,6729
2026-05-02,Saturday,Karunya,Unknown,8th,200,NA,6805,6805
2026-05-02,Saturday,Karunya,Unknown,8th,200,NA,7024,7024
2026-05-02,Saturday,Karunya,Unknown,8th,200,NA,7102,7102
2026-05-02,Saturday,Karunya,Unknown,8th,200,NA,7258,7258
2026-05-02,Saturday,Karunya,Unknown,8th,200,NA,7386,7386
2026-05-02,Saturday,Karunya,Unknown,8th,200,NA,7446,7446
2026-05-02,Saturday,Karunya,Unknown,8th,200,NA,7620,7620
2026-05-02,Saturday,Karunya,Unknown,8th,200,NA,7689,7689
2026-05-02,Saturday,Karunya,Unknown,8th,200,NA,7831,7831
2026-05-02,Saturday,Karunya,Unknown,8th,200,NA,7902,7902
2026-05-02,Saturday,Karunya,Unknown,8th,200,NA,7957,7957
2026-05-02,Saturday,Karunya,Unknown,8th,200,NA,8014,8014
2026-05-02,Saturday,Karunya,Unknown,8th,200,NA,8021,8021
2026-05-02,Saturday,Karunya,Unknown,8th,200,NA,8027,8027
2026-05-02,Saturday,Karunya,Unknown,8th,200,NA,8138,8138
2026-05-02,Saturday,Karunya,Unknown,8th,200,NA,8158,8158
2026-05-02,Saturday,Karunya,Unknown,8th,200,NA,8251,8251
2026-05-02,Saturday,Karunya,Unknown,8th,200,NA,8459,8459
2026-05-02,Saturday,Karunya,Unknown,8th,200,NA,8616,8616
2026-05-02,Saturday,Karunya,Unknown,8th,200,NA,8642,8642
2026-05-02,Saturday,Karunya,Unknown,8th,200,NA,8774,8774
2026-05-02,Saturday,Karunya,Unknown,8th,200,NA,8782,8782
2026-05-02,Saturday,Karunya,Unknown,8th,200,NA,9139,9139
2026-05-02,Saturday,Karunya,Unknown,8th,200,NA,9142,9142
2026-05-02,Saturday,Karunya,Unknown,8th,200,NA,9159,9159
2026-05-02,Saturday,Karunya,Unknown,8th,200,NA,9167,9167
2026-05-02,Saturday,Karunya,Unknown,8th,200,NA,9237,9237
2026-05-02,Saturday,Karunya,Unknown,8th,200,NA,9402,9402
2026-05-02,Saturday,Karunya,Unknown,8th,200,NA,9659,9659
2026-05-02,Saturday,Karunya,Unknown,8th,200,NA,9867,9867
2026-05-02,Saturday,Karunya,Unknown,9th,100,NA,0136,0136
2026-05-02,Saturday,Karunya,Unknown,9th,100,NA,0227,0227
2026-05-02,Saturday,Karunya,Unknown,9th,100,NA,0330,0330
2026-05-02,Saturday,Karunya,Unknown,9th,100,NA,0337,0337
2026-05-02,Saturday,Karunya,Unknown,9th,100,NA,0363,0363
2026-05-02,Saturday,Karunya,Unknown,9th,100,NA,0389,0389
2026-05-02,Saturday,Karunya,Unknown,9th,100,NA,0469,0469
2026-05-02,Saturday,Karunya,Unknown,9th,100,NA,0503,0503
2026-05-02,Saturday,Karunya,Unknown,9th,100,NA,0523,0523
2026-05-02,Saturday,Karunya,Unknown,9th,100,NA,0594,0594
2026-05-02,Saturday,Karunya,Unknown,9th,100,NA,0596,0596
2026-05-02,Saturday,Karunya,Unknown,9th,100,NA,0723,0723
2026-05-02,Saturday,Karunya,Unknown,9th,100,NA,0918,0918
2026-05-02,Saturday,Karunya,Unknown,9th,100,NA,0924,0924
2026-05-02,Saturday,Karunya,Unknown,9th,100,NA,0949,0949
2026-05-02,Saturday,Karunya,Unknown,9th,100,NA,0961,0961
2026-05-02,Saturday,Karunya,Unknown,9th,100,NA,1049,1049
2026-05-02,Saturday,Karunya,Unknown,9th,100,NA,1050,1050
2026-05-02,Saturday,Karunya,Unknown,9th,100,NA,1272,1272
2026-05-02,Saturday,Karunya,Unknown,9th,100,NA,1350,1350
2026-05-02,Saturday,Karunya,Unknown,9th,100,NA,1365,1365
2026-05-02,Saturday,Karunya,Unknown,9th,100,NA,1423,1423
2026-05-02,Saturday,Karunya,Unknown,9th,100,NA,1487,1487
2026-05-02,Saturday,Karunya,Unknown,9th,100,NA,1559,1559
2026-05-02,Saturday,Karunya,Unknown,9th,100,NA,1567,1567
2026-05-02,Saturday,Karunya,Unknown,9th,100,NA,1792,1792
2026-05-02,Saturday,Karunya,Unknown,9th,100,NA,1837,1837
2026-05-02,Saturday,Karunya,Unknown,9th,100,NA,1915,1915
2026-05-02,Saturday,Karunya,Unknown,9th,100,NA,1917,1917
2026-05-02,Saturday,Karunya,Unknown,9th,100,NA,1926,1926
2026-05-02,Saturday,Karunya,Unknown,9th,100,NA,2021,2021
2026-05-02,Saturday,Karunya,Unknown,9th,100,NA,2060,2060
2026-05-02,Saturday,Karunya,Unknown,9th,100,NA,2181,2181
2026-05-02,Saturday,Karunya,Unknown,9th,100,NA,2187,2187
2026-05-02,Saturday,Karunya,Unknown,9th,100,NA,2286,2286
2026-05-02,Saturday,Karunya,Unknown,9th,100,NA,2318,2318
2026-05-02,Saturday,Karunya,Unknown,9th,100,NA,2380,2380
2026-05-02,Saturday,Karunya,Unknown,9th,100,NA,2432,2432
2026-05-02,Saturday,Karunya,Unknown,9th,100,NA,2510,2510
2026-05-02,Saturday,Karunya,Unknown,9th,100,NA,2568,2568
2026-05-02,Saturday,Karunya,Unknown,9th,100,NA,2589,2589
2026-05-02,Saturday,Karunya,Unknown,9th,100,NA,2714,2714
2026-05-02,Saturday,Karunya,Unknown,9th,100,NA,2833,2833
2026-05-02,Saturday,Karunya,Unknown,9th,100,NA,2875,2875
2026-05-02,Saturday,Karunya,Unknown,9th,100,NA,2877,2877
2026-05-02,Saturday,Karunya,Unknown,9th,100,NA,2915,2915
2026-05-02,Saturday,Karunya,Unknown,9th,100,NA,3095,3095
2026-05-02,Saturday,Karunya,Unknown,9th,100,NA,3105,3105
2026-05-02,Saturday,Karunya,Unknown,9th,100,NA,3260,3260
2026-05-02,Saturday,Karunya,Unknown,9th,100,NA,3265,3265
2026-05-02,Saturday,Karunya,Unknown,9th,100,NA,3546,3546
2026-05-02,Saturday,Karunya,Unknown,9th,100,NA,3599,3599
2026-05-02,Saturday,Karunya,Unknown,9th,100,NA,3667,3667
2026-05-02,Saturday,Karunya,Unknown,9th,100,NA,3734,3734
2026-05-02,Saturday,Karunya,Unknown,9th,100,NA,3815,3815
2026-05-02,Saturday,Karunya,Unknown,9th,100,NA,3880,3880
2026-05-02,Saturday,Karunya,Unknown,9th,100,NA,3908,3908
2026-05-02,Saturday,Karunya,Unknown,9th,100,NA,4018,4018
2026-05-02,Saturday,Karunya,Unknown,9th,100,NA,4093,4093
2026-05-02,Saturday,Karunya,Unknown,9th,100,NA,4199,4199
2026-05-02,Saturday,Karunya,Unknown,9th,100,NA,4246,4246
2026-05-02,Saturday,Karunya,Unknown,9th,100,NA,4264,4264
2026-05-02,Saturday,Karunya,Unknown,9th,100,NA,4273,4273
2026-05-02,Saturday,Karunya,Unknown,9th,100,NA,4348,4348
2026-05-02,Saturday,Karunya,Unknown,9th,100,NA,4369,4369
2026-05-02,Saturday,Karunya,Unknown,9th,100,NA,4466,4466
2026-05-02,Saturday,Karunya,Unknown,9th,100,NA,4718,4718
2026-05-02,Saturday,Karunya,Unknown,9th,100,NA,4720,4720
2026-05-02,Saturday,Karunya,Unknown,9th,100,NA,4743,4743
2026-05-02,Saturday,Karunya,Unknown,9th,100,NA,4830,4830
2026-05-02,Saturday,Karunya,Unknown,9th,100,NA,4860,4860
2026-05-02,Saturday,Karunya,Unknown,9th,100,NA,4968,4968
2026-05-02,Saturday,Karunya,Unknown,9th,100,NA,4995,4995
2026-05-02,Saturday,Karunya,Unknown,9th,100,NA,5055,5055
2026-05-02,Saturday,Karunya,Unknown,9th,100,NA,5203,5203
2026-05-02,Saturday,Karunya,Unknown,9th,100,NA,5290,5290
2026-05-02,Saturday,Karunya,Unknown,9th,100,NA,5851,5851
2026-05-02,Saturday,Karunya,Unknown,9th,100,NA,6011,6011
2026-05-02,Saturday,Karunya,Unknown,9th,100,NA,6074,6074
2026-05-02,Saturday,Karunya,Unknown,9th,100,NA,6080,6080
2026-05-02,Saturday,Karunya,Unknown,9th,100,NA,6138,6138
2026-05-02,Saturday,Karunya,Unknown,9th,100,NA,6195,6195
2026-05-02,Saturday,Karunya,Unknown,9th,100,NA,6280,6280
2026-05-02,Saturday,Karunya,Unknown,9th,100,NA,6300,6300
2026-05-02,Saturday,Karunya,Unknown,9th,100,NA,6319,6319
2026-05-02,Saturday,Karunya,Unknown,9th,100,NA,6326,6326
2026-05-02,Saturday,Karunya,Unknown,9th,100,NA,6463,6463
2026-05-02,Saturday,Karunya,Unknown,9th,100,NA,6492,6492
2026-05-02,Saturday,Karunya,Unknown,9th,100,NA,6575,6575
2026-05-02,Saturday,Karunya,Unknown,9th,100,NA,6647,6647
2026-05-02,Saturday,Karunya,Unknown,9th,100,NA,6649,6649
2026-05-02,Saturday,Karunya,Unknown,9th,100,NA,6657,6657
2026-05-02,Saturday,Karunya,Unknown,9th,100,NA,6670,6670
2026-05-02,Saturday,Karunya,Unknown,9th,100,NA,6680,6680
2026-05-02,Saturday,Karunya,Unknown,9th,100,NA,6709,6709
2026-05-02,Saturday,Karunya,Unknown,9th,100,NA,6927,6927
2026-05-02,Saturday,Karunya,Unknown,9th,100,NA,6939,6939
2026-05-02,Saturday,Karunya,Unknown,9th,100,NA,6984,6984
2026-05-02,Saturday,Karunya,Unknown,9th,100,NA,7034,7034
2026-05-02,Saturday,Karunya,Unknown,9th,100,NA,7171,7171
2026-05-02,Saturday,Karunya,Unknown,9th,100,NA,7202,7202
2026-05-02,Saturday,Karunya,Unknown,9th,100,NA,7229,7229
2026-05-02,Saturday,Karunya,Unknown,9th,100,NA,7263,7263
2026-05-02,Saturday,Karunya,Unknown,9th,100,NA,7296,7296
2026-05-02,Saturday,Karunya,Unknown,9th,100,NA,7389,7389
2026-05-02,Saturday,Karunya,Unknown,9th,100,NA,7431,7431
2026-05-02,Saturday,Karunya,Unknown,9th,100,NA,7434,7434
2026-05-02,Saturday,Karunya,Unknown,9th,100,NA,7516,7516
2026-05-02,Saturday,Karunya,Unknown,9th,100,NA,7545,7545
2026-05-02,Saturday,Karunya,Unknown,9th,100,NA,7603,7603
2026-05-02,Saturday,Karunya,Unknown,9th,100,NA,7633,7633
2026-05-02,Saturday,Karunya,Unknown,9th,100,NA,7666,7666
2026-05-02,Saturday,Karunya,Unknown,9th,100,NA,7671,7671
2026-05-02,Saturday,Karunya,Unknown,9th,100,NA,7743,7743
2026-05-02,Saturday,Karunya,Unknown,9th,100,NA,7871,7871
2026-05-02,Saturday,Karunya,Unknown,9th,100,NA,7904,7904
2026-05-02,Saturday,Karunya,Unknown,9th,100,NA,7959,7959
2026-05-02,Saturday,Karunya,Unknown,9th,100,NA,8016,8016
2026-05-02,Saturday,Karunya,Unknown,9th,100,NA,8042,8042
2026-05-02,Saturday,Karunya,Unknown,9th,100,NA,8164,8164
2026-05-02,Saturday,Karunya,Unknown,9th,100,NA,8184,8184
2026-05-02,Saturday,Karunya,Unknown,9th,100,NA,8226,8226
2026-05-02,Saturday,Karunya,Unknown,9th,100,NA,8317,8317
2026-05-02,Saturday,Karunya,Unknown,9th,100,NA,8330,8330
2026-05-02,Saturday,Karunya,Unknown,9th,100,NA,8341,8341
2026-05-02,Saturday,Karunya,Unknown,9th,100,NA,8510,8510
2026-05-02,Saturday,Karunya,Unknown,9th,100,NA,8754,8754
2026-05-02,Saturday,Karunya,Unknown,9th,100,NA,8759,8759
2026-05-02,Saturday,Karunya,Unknown,9th,100,NA,8951,8951
2026-05-02,Saturday,Karunya,Unknown,9th,100,NA,8957,8957
2026-05-02,Saturday,Karunya,Unknown,9th,100,NA,8997,8997
2026-05-02,Saturday,Karunya,Unknown,9th,100,NA,9065,9065
2026-05-02,Saturday,Karunya,Unknown,9th,100,NA,9229,9229
2026-05-02,Saturday,Karunya,Unknown,9th,100,NA,9438,9438
2026-05-02,Saturday,Karunya,Unknown,9th,100,NA,9441,9441
2026-05-02,Saturday,Karunya,Unknown,9th,100,NA,9520,9520
2026-05-02,Saturday,Karunya,Unknown,9th,100,NA,9538,9538
2026-05-02,Saturday,Karunya,Unknown,9th,100,NA,9651,9651
2026-05-02,Saturday,Karunya,Unknown,9th,100,NA,9684,9684
2026-05-02,Saturday,Karunya,Unknown,9th,100,NA,9719,9719
2026-05-02,Saturday,Karunya,Unknown,9th,100,NA,9725,9725
2026-05-02,Saturday,Karunya,Unknown,9th,100,NA,9730,9730
2026-05-02,Saturday,Karunya,Unknown,9th,100,NA,9810,9810
2026-05-02,Saturday,Karunya,Unknown,9th,100,NA,9863,9863
2026-05-02,Saturday,Karunya,Unknown,9th,100,NA,2026,2026
2026-05-02,Saturday,Karunya,Unknown,9th,100,NA,2026,2026
2026-05-02,Saturday,Karunya,Unknown,9th,100,NA,2026,2026
2026-05-02,Saturday,Karunya,Unknown,8th,200,NA,6399,6399
2026-05-02,Saturday,Karunya,Unknown,8th,200,NA,5675,5675
2026-05-02,Saturday,Karunya,Unknown,8th,200,NA,2914,2914
2026-05-02,Saturday,Karunya,Unknown,9th,100,NA,6812,6812
2026-05-02,Saturday,Karunya,Unknown,9th,100,NA,4371,4371
2026-05-02,Saturday,Karunya,Unknown,9th,100,NA,3265,3265
2026-05-02,Saturday,Karunya,Unknown,9th,100,NA,8341,8341
2026-05-02,Saturday,Karunya,Unknown,9th,100,NA,5203,5203
2026-05-02,Saturday,Karunya,Unknown,9th,100,NA,4766,4766
2026-05-02,Saturday,Karunya,Unknown,9th,100,NA,6463,6463
2026-05-02,Saturday,Karunya,Unknown,9th,100,NA,2026,2026
2026-05-02,Saturday,Karunya,Unknown,1st,10000000,KH,710104,0104
2026-05-02,Saturday,Karunya,Unknown,Consolation,5000,KA,710104,0104
2026-05-02,Saturday,Karunya,Unknown,Consolation,5000,KB,710104,0104
2026-05-02,Saturday,Karunya,Unknown,Consolation,5000,KC,710104,0104
2026-05-02,Saturday,Karunya,Unknown,Consolation,5000,KD,710104,0104
2026-05-02,Saturday,Karunya,Unknown,Consolation,5000,KE,710104,0104
2026-05-02,Saturday,Karunya,Unknown,Consolation,5000,KF,710104,0104
2026-05-02,Saturday,Karunya,Unknown,Consolation,5000,KG,710104,0104
2026-05-02,Saturday,Karunya,Unknown,Consolation,5000,KJ,710104,0104
2026-05-02,Saturday,Karunya,Unknown,Consolation,5000,KK,710104,0104
2026-05-02,Saturday,Karunya,Unknown,Consolation,5000,KL,710104,0104
2026-05-02,Saturday,Karunya,Unknown,Consolation,5000,KM,710104,0104
2026-05-02,Saturday,Karunya,Unknown,2nd,3000000,KM,163302,3302
2026-05-02,Saturday,Karunya,Unknown,3rd,500000,KG,561521,1521
2026-05-02,Saturday,Karunya,Unknown,4th,5000,NA,0317,0317
2026-05-02,Saturday,Karunya,Unknown,4th,5000,NA,0661,0661
2026-05-02,Saturday,Karunya,Unknown,4th,5000,NA,1301,1301
2026-05-02,Saturday,Karunya,Unknown,4th,5000,NA,1317,1317
2026-05-02,Saturday,Karunya,Unknown,4th,5000,NA,1786,1786
2026-05-02,Saturday,Karunya,Unknown,4th,5000,NA,2037,2037
2026-05-02,Saturday,Karunya,Unknown,4th,5000,NA,2390,2390
2026-05-02,Saturday,Karunya,Unknown,4th,5000,NA,2470,2470
2026-05-02,Saturday,Karunya,Unknown,4th,5000,NA,2558,2558
2026-05-02,Saturday,Karunya,Unknown,4th,5000,NA,2592,2592
2026-05-02,Saturday,Karunya,Unknown,4th,5000,NA,2594,2594
2026-05-02,Saturday,Karunya,Unknown,4th,5000,NA,4126,4126
2026-05-02,Saturday,Karunya,Unknown,4th,5000,NA,4665,4665
2026-05-02,Saturday,Karunya,Unknown,4th,5000,NA,5191,5191
2026-05-02,Saturday,Karunya,Unknown,4th,5000,NA,5548,5548
2026-05-02,Saturday,Karunya,Unknown,4th,5000,NA,5675,5675
2026-05-02,Saturday,Karunya,Unknown,4th,5000,NA,5812,5812
2026-05-02,Saturday,Karunya,Unknown,4th,5000,NA,7529,7529
2026-05-02,Saturday,Karunya,Unknown,4th,5000,NA,7644,7644
2026-05-02,Saturday,Karunya,Unknown,5th,2000,NA,1506,1506
2026-05-02,Saturday,Karunya,Unknown,5th,2000,NA,1812,1812
2026-05-02,Saturday,Karunya,Unknown,5th,2000,NA,4201,4201
2026-05-02,Saturday,Karunya,Unknown,5th,2000,NA,6405,6405
2026-05-02,Saturday,Karunya,Unknown,5th,2000,NA,7849,7849
2026-05-02,Saturday,Karunya,Unknown,5th,2000,NA,8656,8656
2026-05-02,Saturday,Karunya,Unknown,6th,1000,NA,1438,1438
2026-05-02,Saturday,Karunya,Unknown,6th,1000,NA,2339,2339
2026-05-02,Saturday,Karunya,Unknown,6th,1000,NA,2545,2545
2026-05-02,Saturday,Karunya,Unknown,6th,1000,NA,2814,2814
2026-05-02,Saturday,Karunya,Unknown,6th,1000,NA,3320,3320
2026-05-02,Saturday,Karunya,Unknown,6th,1000,NA,3700,3700
2026-05-02,Saturday,Karunya,Unknown,6th,1000,NA,3713,3713
2026-05-02,Saturday,Karunya,Unknown,6th,1000,NA,3729,3729
2026-05-02,Saturday,Karunya,Unknown,6th,1000,NA,3845,3845
2026-05-02,Saturday,Karunya,Unknown,6th,1000,NA,4012,4012
2026-05-02,Saturday,Karunya,Unknown,6th,1000,NA,4656,4656
2026-05-02,Saturday,Karunya,Unknown,6th,1000,NA,4759,4759
2026-05-02,Saturday,Karunya,Unknown,6th,1000,NA,5529,5529
2026-05-02,Saturday,Karunya,Unknown,6th,1000,NA,5844,5844
2026-05-02,Saturday,Karunya,Unknown,6th,1000,NA,6404,6404
2026-05-02,Saturday,Karunya,Unknown,6th,1000,NA,6520,6520
2026-05-02,Saturday,Karunya,Unknown,6th,1000,NA,6894,6894
2026-05-02,Saturday,Karunya,Unknown,6th,1000,NA,7191,7191
2026-05-02,Saturday,Karunya,Unknown,6th,1000,NA,7722,7722
2026-05-02,Saturday,Karunya,Unknown,6th,1000,NA,7842,7842
2026-05-02,Saturday,Karunya,Unknown,6th,1000,NA,8815,8815
2026-05-02,Saturday,Karunya,Unknown,6th,1000,NA,9012,9012
2026-05-02,Saturday,Karunya,Unknown,6th,1000,NA,9096,9096
2026-05-02,Saturday,Karunya,Unknown,6th,1000,NA,9250,9250
2026-05-02,Saturday,Karunya,Unknown,6th,1000,NA,9972,9972
2026-05-02,Saturday,Karunya,Unknown,7th,500,NA,0030,0030
2026-05-02,Saturday,Karunya,Unknown,7th,500,NA,0104,0104
2026-05-02,Saturday,Karunya,Unknown,7th,500,NA,0512,0512
2026-05-02,Saturday,Karunya,Unknown,7th,500,NA,0754,0754
2026-05-02,Saturday,Karunya,Unknown,7th,500,NA,1099,1099
2026-05-02,Saturday,Karunya,Unknown,7th,500,NA,1251,1251
2026-05-02,Saturday,Karunya,Unknown,7th,500,NA,1303,1303
2026-05-02,Saturday,Karunya,Unknown,7th,500,NA,1546,1546
2026-05-02,Saturday,Karunya,Unknown,7th,500,NA,1639,1639
2026-05-02,Saturday,Karunya,Unknown,7th,500,NA,1682,1682
2026-05-02,Saturday,Karunya,Unknown,7th,500,NA,1684,1684
2026-05-02,Saturday,Karunya,Unknown,7th,500,NA,1713,1713
2026-05-02,Saturday,Karunya,Unknown,7th,500,NA,1858,1858
2026-05-02,Saturday,Karunya,Unknown,7th,500,NA,1910,1910
2026-05-02,Saturday,Karunya,Unknown,7th,500,NA,1936,1936
2026-05-02,Saturday,Karunya,Unknown,7th,500,NA,2009,2009
2026-05-02,Saturday,Karunya,Unknown,7th,500,NA,2108,2108
2026-05-02,Saturday,Karunya,Unknown,7th,500,NA,2214,2214
2026-05-02,Saturday,Karunya,Unknown,7th,500,NA,2410,2410
2026-05-02,Saturday,Karunya,Unknown,7th,500,NA,2553,2553
2026-05-02,Saturday,Karunya,Unknown,7th,500,NA,2660,2660
2026-05-02,Saturday,Karunya,Unknown,7th,500,NA,2705,2705
2026-05-02,Saturday,Karunya,Unknown,7th,500,NA,2839,2839
2026-05-02,Saturday,Karunya,Unknown,7th,500,NA,2880,2880
2026-05-02,Saturday,Karunya,Unknown,7th,500,NA,2914,2914
2026-05-02,Saturday,Karunya,Unknown,7th,500,NA,3135,3135
2026-05-02,Saturday,Karunya,Unknown,7th,500,NA,3156,3156
2026-05-02,Saturday,Karunya,Unknown,7th,500,NA,3498,3498
2026-05-02,Saturday,Karunya,Unknown,7th,500,NA,3601,3601
2026-05-02,Saturday,Karunya,Unknown,7th,500,NA,3681,3681
2026-05-02,Saturday,Karunya,Unknown,7th,500,NA,4155,4155
2026-05-02,Saturday,Karunya,Unknown,7th,500,NA,4549,4549
2026-05-02,Saturday,Karunya,Unknown,7th,500,NA,4717,4717
2026-05-02,Saturday,Karunya,Unknown,7th,500,NA,4756,4756
2026-05-02,Saturday,Karunya,Unknown,7th,500,NA,4770,4770
2026-05-02,Saturday,Karunya,Unknown,7th,500,NA,4865,4865
2026-05-02,Saturday,Karunya,Unknown,7th,500,NA,4992,4992
2026-05-02,Saturday,Karunya,Unknown,7th,500,NA,5160,5160
2026-05-02,Saturday,Karunya,Unknown,7th,500,NA,5702,5702
2026-05-02,Saturday,Karunya,Unknown,7th,500,NA,5740,5740
2026-05-02,Saturday,Karunya,Unknown,7th,500,NA,5937,5937
2026-05-02,Saturday,Karunya,Unknown,7th,500,NA,6056,6056
2026-05-02,Saturday,Karunya,Unknown,7th,500,NA,6117,6117
2026-05-02,Saturday,Karunya,Unknown,7th,500,NA,6200,6200
2026-05-02,Saturday,Karunya,Unknown,7th,500,NA,6430,6430
2026-05-02,Saturday,Karunya,Unknown,7th,500,NA,6431,6431
2026-05-02,Saturday,Karunya,Unknown,7th,500,NA,6510,6510
2026-05-02,Saturday,Karunya,Unknown,7th,500,NA,6646,6646
2026-05-02,Saturday,Karunya,Unknown,7th,500,NA,6679,6679
2026-05-02,Saturday,Karunya,Unknown,7th,500,NA,6812,6812
2026-05-02,Saturday,Karunya,Unknown,7th,500,NA,7030,7030
2026-05-02,Saturday,Karunya,Unknown,7th,500,NA,7314,7314
2026-05-02,Saturday,Karunya,Unknown,7th,500,NA,7341,7341
2026-05-02,Saturday,Karunya,Unknown,7th,500,NA,7417,7417
2026-05-02,Saturday,Karunya,Unknown,7th,500,NA,7467,7467
2026-05-02,Saturday,Karunya,Unknown,7th,500,NA,7656,7656
2026-05-02,Saturday,Karunya,Unknown,7th,500,NA,7694,7694
2026-05-02,Saturday,Karunya,Unknown,7th,500,NA,7703,7703
2026-05-02,Saturday,Karunya,Unknown,7th,500,NA,7868,7868
2026-05-02,Saturday,Karunya,Unknown,7th,500,NA,7913,7913
2026-05-02,Saturday,Karunya,Unknown,7th,500,NA,7962,7962
2026-05-02,Saturday,Karunya,Unknown,7th,500,NA,8045,8045
2026-05-02,Saturday,Karunya,Unknown,7th,500,NA,8394,8394
2026-05-02,Saturday,Karunya,Unknown,7th,500,NA,8421,8421
2026-05-02,Saturday,Karunya,Unknown,7th,500,NA,8559,8559
2026-05-02,Saturday,Karunya,Unknown,7th,500,NA,8896,8896
2026-05-02,Saturday,Karunya,Unknown,7th,500,NA,8903,8903
2026-05-02,Saturday,Karunya,Unknown,7th,500,NA,9024,9024
2026-05-02,Saturday,Karunya,Unknown,7th,500,NA,9141,9141
2026-05-02,Saturday,Karunya,Unknown,7th,500,NA,9224,9224
2026-05-02,Saturday,Karunya,Unknown,7th,500,NA,9326,9326
2026-05-02,Saturday,Karunya,Unknown,7th,500,NA,9415,9415
2026-05-02,Saturday,Karunya,Unknown,7th,500,NA,9465,9465
2026-05-02,Saturday,Karunya,Unknown,7th,500,NA,9485,9485
2026-05-02,Saturday,Karunya,Unknown,7th,500,NA,9847,9847
2026-05-02,Saturday,Karunya,Unknown,7th,500,NA,9876,9876
2026-05-02,Saturday,Karunya,Unknown,8th,200,NA,0076,0076
2026-05-02,Saturday,Karunya,Unknown,8th,200,NA,0098,0098
2026-05-02,Saturday,Karunya,Unknown,8th,200,NA,0237,0237
2026-05-02,Saturday,Karunya,Unknown,8th,200,NA,0286,0286
2026-05-02,Saturday,Karunya,Unknown,8th,200,NA,0455,0455
2026-05-02,Saturday,Karunya,Unknown,8th,200,NA,0465,0465
2026-05-02,Saturday,Karunya,Unknown,8th,200,NA,0796,0796
2026-05-02,Saturday,Karunya,Unknown,8th,200,NA,0901,0901
2026-05-02,Saturday,Karunya,Unknown,8th,200,NA,0912,0912
2026-05-02,Saturday,Karunya,Unknown,8th,200,NA,0936,0936
2026-05-02,Saturday,Karunya,Unknown,8th,200,NA,0943,0943
2026-05-02,Saturday,Karunya,Unknown,8th,200,NA,1044,1044
2026-05-02,Saturday,Karunya,Unknown,8th,200,NA,1133,1133
2026-05-02,Saturday,Karunya,Unknown,8th,200,NA,1330,1330
2026-05-02,Saturday,Karunya,Unknown,8th,200,NA,1346,1346
2026-05-02,Saturday,Karunya,Unknown,8th,200,NA,1347,1347
2026-05-02,Saturday,Karunya,Unknown,8th,200,NA,1494,1494
2026-05-02,Saturday,Karunya,Unknown,8th,200,NA,1521,1521
2026-05-02,Saturday,Karunya,Unknown,8th,200,NA,1554,1554
2026-05-02,Saturday,Karunya,Unknown,8th,200,NA,2224,2224
2026-05-02,Saturday,Karunya,Unknown,8th,200,NA,2311,2311
2026-05-02,Saturday,Karunya,Unknown,8th,200,NA,2327,2327
2026-05-02,Saturday,Karunya,Unknown,8th,200,NA,2364,2364
2026-05-02,Saturday,Karunya,Unknown,8th,200,NA,2424,2424
2026-05-02,Saturday,Karunya,Unknown,8th,200,NA,2560,2560
2026-05-02,Saturday,Karunya,Unknown,8th,200,NA,2593,2593
2026-05-02,Saturday,Karunya,Unknown,8th,200,NA,2887,2887
2026-05-02,Saturday,Karunya,Unknown,8th,200,NA,3017,3017
2026-05-02,Saturday,Karunya,Unknown,8th,200,NA,3051,3051
2026-05-02,Saturday,Karunya,Unknown,8th,200,NA,3269,3269
2026-05-02,Saturday,Karunya,Unknown,8th,200,NA,3279,3279
2026-05-02,Saturday,Karunya,Unknown,8th,200,NA,3380,3380
2026-05-02,Saturday,Karunya,Unknown,8th,200,NA,3527,3527
2026-05-02,Saturday,Karunya,Unknown,8th,200,NA,3623,3623
2026-05-02,Saturday,Karunya,Unknown,8th,200,NA,3792,3792
2026-05-02,Saturday,Karunya,Unknown,8th,200,NA,3809,3809
2026-05-02,Saturday,Karunya,Unknown,8th,200,NA,3912,3912
2026-05-02,Saturday,Karunya,Unknown,8th,200,NA,3979,3979
2026-05-02,Saturday,Karunya,Unknown,8th,200,NA,4128,4128
2026-05-02,Saturday,Karunya,Unknown,8th,200,NA,4260,4260
2026-05-02,Saturday,Karunya,Unknown,8th,200,NA,4266,4266
2026-05-02,Saturday,Karunya,Unknown,8th,200,NA,4371,4371
2026-05-02,Saturday,Karunya,Unknown,8th,200,NA,4437,4437
2026-05-02,Saturday,Karunya,Unknown,8th,200,NA,4490,4490
2026-05-02,Saturday,Karunya,Unknown,8th,200,NA,4634,4634
2026-05-02,Saturday,Karunya,Unknown,8th,200,NA,4643,4643
2026-05-02,Saturday,Karunya,Unknown,8th,200,NA,4766,4766
2026-05-02,Saturday,Karunya,Unknown,8th,200,NA,5013,5013
2026-05-02,Saturday,Karunya,Unknown,8th,200,NA,5253,5253
2026-05-02,Saturday,Karunya,Unknown,8th,200,NA,5353,5353
2026-05-02,Saturday,Karunya,Unknown,8th,200,NA,5455,5455
2026-05-02,Saturday,Karunya,Unknown,8th,200,NA,5549,5549
2026-05-02,Saturday,Karunya,Unknown,8th,200,NA,5614,5614
2026-05-02,Saturday,Karunya,Unknown,8th,200,NA,5660,5660
2026-05-02,Saturday,Karunya,Unknown,8th,200,NA,6119,6119
2026-05-02,Saturday,Karunya,Unknown,8th,200,NA,6126,6126
2026-05-02,Saturday,Karunya,Unknown,8th,200,NA,6399,6399
2026-05-02,Saturday,Karunya,Unknown,8th,200,NA,6458,6458
2026-05-02,Saturday,Karunya,Unknown,8th,200,NA,6486,6486
2026-05-02,Saturday,Karunya,Unknown,8th,200,NA,6554,6554
2026-05-02,Saturday,Karunya,Unknown,8th,200,NA,6664,6664
2026-05-02,Saturday,Karunya,Unknown,8th,200,NA,6729,6729
2026-05-02,Saturday,Karunya,Unknown,8th,200,NA,6805,6805
2026-05-02,Saturday,Karunya,Unknown,8th,200,NA,7024,7024
2026-05-02,Saturday,Karunya,Unknown,8th,200,NA,7102,7102
2026-05-02,Saturday,Karunya,Unknown,8th,200,NA,7258,7258
2026-05-02,Saturday,Karunya,Unknown,8th,200,NA,7386,7386
2026-05-02,Saturday,Karunya,Unknown,8th,200,NA,7446,7446
2026-05-02,Saturday,Karunya,Unknown,8th,200,NA,7620,7620
2026-05-02,Saturday,Karunya,Unknown,8th,200,NA,7689,7689
2026-05-02,Saturday,Karunya,Unknown,8th,200,NA,7831,7831
2026-05-02,Saturday,Karunya,Unknown,8th,200,NA,7902,7902
2026-05-02,Saturday,Karunya,Unknown,8th,200,NA,7957,7957
2026-05-02,Saturday,Karunya,Unknown,8th,200,NA,8014,8014
2026-05-02,Saturday,Karunya,Unknown,8th,200,NA,8021,8021
2026-05-02,Saturday,Karunya,Unknown,8th,200,NA,8027,8027
2026-05-02,Saturday,Karunya,Unknown,8th,200,NA,8138,8138
2026-05-02,Saturday,Karunya,Unknown,8th,200,NA,8158,8158
2026-05-02,Saturday,Karunya,Unknown,8th,200,NA,8251,8251
2026-05-02,Saturday,Karunya,Unknown,8th,200,NA,8459,8459
2026-05-02,Saturday,Karunya,Unknown,8th,200,NA,8616,8616
2026-05-02,Saturday,Karunya,Unknown,8th,200,NA,8642,8642
2026-05-02,Saturday,Karunya,Unknown,8th,200,NA,8774,8774
2026-05-02,Saturday,Karunya,Unknown,8th,200,NA,8782,8782
2026-05-02,Saturday,Karunya,Unknown,8th,200,NA,9139,9139
2026-05-02,Saturday,Karunya,Unknown,8th,200,NA,9142,9142
2026-05-02,Saturday,Karunya,Unknown,8th,200,NA,9159,9159
2026-05-02,Saturday,Karunya,Unknown,8th,200,NA,9167,9167
2026-05-02,Saturday,Karunya,Unknown,8th,200,NA,9237,9237
2026-05-02,Saturday,Karunya,Unknown,8th,200,NA,9402,9402
2026-05-02,Saturday,Karunya,Unknown,8th,200,NA,9659,9659
2026-05-02,Saturday,Karunya,Unknown,8th,200,NA,9867,9867
2026-05-02,Saturday,Karunya,Unknown,9th,100,NA,0136,0136
2026-05-02,Saturday,Karunya,Unknown,9th,100,NA,0227,0227
2026-05-02,Saturday,Karunya,Unknown,9th,100,NA,0330,0330
2026-05-02,Saturday,Karunya,Unknown,9th,100,NA,0337,0337
2026-05-02,Saturday,Karunya,Unknown,9th,100,NA,0363,0363
2026-05-02,Saturday,Karunya,Unknown,9th,100,NA,0389,0389
2026-05-02,Saturday,Karunya,Unknown,9th,100,NA,0469,0469
2026-05-02,Saturday,Karunya,Unknown,9th,100,NA,0503,0503
2026-05-02,Saturday,Karunya,Unknown,9th,100,NA,0523,0523
2026-05-02,Saturday,Karunya,Unknown,9th,100,NA,0594,0594
2026-05-02,Saturday,Karunya,Unknown,9th,100,NA,0596,0596
2026-05-02,Saturday,Karunya,Unknown,9th,100,NA,0723,0723
2026-05-02,Saturday,Karunya,Unknown,9th,100,NA,0918,0918
2026-05-02,Saturday,Karunya,Unknown,9th,100,NA,0924,0924
2026-05-02,Saturday,Karunya,Unknown,9th,100,NA,0949,0949
2026-05-02,Saturday,Karunya,Unknown,9th,100,NA,0961,0961
2026-05-02,Saturday,Karunya,Unknown,9th,100,NA,1049,1049
2026-05-02,Saturday,Karunya,Unknown,9th,100,NA,1050,1050
2026-05-02,Saturday,Karunya,Unknown,9th,100,NA,1272,1272
2026-05-02,Saturday,Karunya,Unknown,9th,100,NA,1350,1350
2026-05-02,Saturday,Karunya,Unknown,9th,100,NA,1365,1365
2026-05-02,Saturday,Karunya,Unknown,9th,100,NA,1423,1423
2026-05-02,Saturday,Karunya,Unknown,9th,100,NA,1487,1487
2026-05-02,Saturday,Karunya,Unknown,9th,100,NA,1559,1559
2026-05-02,Saturday,Karunya,Unknown,9th,100,NA,1567,1567
2026-05-02,Saturday,Karunya,Unknown,9th,100,NA,1792,1792
2026-05-02,Saturday,Karunya,Unknown,9th,100,NA,1837,1837
2026-05-02,Saturday,Karunya,Unknown,9th,100,NA,1915,1915
2026-05-02,Saturday,Karunya,Unknown,9th,100,NA,1917,1917
2026-05-02,Saturday,Karunya,Unknown,9th,100,NA,1926,1926
2026-05-02,Saturday,Karunya,Unknown,9th,100,NA,2021,2021
2026-05-02,Saturday,Karunya,Unknown,9th,100,NA,2060,2060
2026-05-02,Saturday,Karunya,Unknown,9th,100,NA,2181,2181
2026-05-02,Saturday,Karunya,Unknown,9th,100,NA,2187,2187
2026-05-02,Saturday,Karunya,Unknown,9th,100,NA,2286,2286
2026-05-02,Saturday,Karunya,Unknown,9th,100,NA,2318,2318
2026-05-02,Saturday,Karunya,Unknown,9th,100,NA,2380,2380
2026-05-02,Saturday,Karunya,Unknown,9th,100,NA,2432,2432
2026-05-02,Saturday,Karunya,Unknown,9th,100,NA,2510,2510
2026-05-02,Saturday,Karunya,Unknown,9th,100,NA,2568,2568
2026-05-02,Saturday,Karunya,Unknown,9th,100,NA,2589,2589
2026-05-02,Saturday,Karunya,Unknown,9th,100,NA,2714,2714
2026-05-02,Saturday,Karunya,Unknown,9th,100,NA,2833,2833
2026-05-02,Saturday,Karunya,Unknown,9th,100,NA,2875,2875
2026-05-02,Saturday,Karunya,Unknown,9th,100,NA,2877,2877
2026-05-02,Saturday,Karunya,Unknown,9th,100,NA,2915,2915
2026-05-02,Saturday,Karunya,Unknown,9th,100,NA,3095,3095
2026-05-02,Saturday,Karunya,Unknown,9th,100,NA,3105,3105
2026-05-02,Saturday,Karunya,Unknown,9th,100,NA,3260,3260
2026-05-02,Saturday,Karunya,Unknown,9th,100,NA,3265,3265
2026-05-02,Saturday,Karunya,Unknown,9th,100,NA,3546,3546
2026-05-02,Saturday,Karunya,Unknown,9th,100,NA,3599,3599
2026-05-02,Saturday,Karunya,Unknown,9th,100,NA,3667,3667
2026-05-02,Saturday,Karunya,Unknown,9th,100,NA,3734,3734
2026-05-02,Saturday,Karunya,Unknown,9th,100,NA,3815,3815
2026-05-02,Saturday,Karunya,Unknown,9th,100,NA,3880,3880
2026-05-02,Saturday,Karunya,Unknown,9th,100,NA,3908,3908
2026-05-02,Saturday,Karunya,Unknown,9th,100,NA,4018,4018
2026-05-02,Saturday,Karunya,Unknown,9th,100,NA,4093,4093
2026-05-02,Saturday,Karunya,Unknown,9th,100,NA,4199,4199
2026-05-02,Saturday,Karunya,Unknown,9th,100,NA,4246,4246
2026-05-02,Saturday,Karunya,Unknown,9th,100,NA,4264,4264
2026-05-02,Saturday,Karunya,Unknown,9th,100,NA,4273,4273
2026-05-02,Saturday,Karunya,Unknown,9th,100,NA,4348,4348
2026-05-02,Saturday,Karunya,Unknown,9th,100,NA,4369,4369
2026-05-02,Saturday,Karunya,Unknown,9th,100,NA,4466,4466
2026-05-02,Saturday,Karunya,Unknown,9th,100,NA,4718,4718
2026-05-02,Saturday,Karunya,Unknown,9th,100,NA,4720,4720
2026-05-02,Saturday,Karunya,Unknown,9th,100,NA,4743,4743
2026-05-02,Saturday,Karunya,Unknown,9th,100,NA,4830,4830
2026-05-02,Saturday,Karunya,Unknown,9th,100,NA,4860,4860
2026-05-02,Saturday,Karunya,Unknown,9th,100,NA,4968,4968
2026-05-02,Saturday,Karunya,Unknown,9th,100,NA,4995,4995
2026-05-02,Saturday,Karunya,Unknown,9th,100,NA,5055,5055
2026-05-02,Saturday,Karunya,Unknown,9th,100,NA,5203,5203
2026-05-02,Saturday,Karunya,Unknown,9th,100,NA,5290,5290
2026-05-02,Saturday,Karunya,Unknown,9th,100,NA,5851,5851
2026-05-02,Saturday,Karunya,Unknown,9th,100,NA,6011,6011
2026-05-02,Saturday,Karunya,Unknown,9th,100,NA,6074,6074
2026-05-02,Saturday,Karunya,Unknown,9th,100,NA,6080,6080
2026-05-02,Saturday,Karunya,Unknown,9th,100,NA,6138,6138
2026-05-02,Saturday,Karunya,Unknown,9th,100,NA,6195,6195
2026-05-02,Saturday,Karunya,Unknown,9th,100,NA,6280,6280
2026-05-02,Saturday,Karunya,Unknown,9th,100,NA,6300,6300
2026-05-02,Saturday,Karunya,Unknown,9th,100,NA,6319,6319
2026-05-02,Saturday,Karunya,Unknown,9th,100,NA,6326,6326
2026-05-02,Saturday,Karunya,Unknown,9th,100,NA,6463,6463
2026-05-02,Saturday,Karunya,Unknown,9th,100,NA,6492,6492
2026-05-02,Saturday,Karunya,Unknown,9th,100,NA,6575,6575
2026-05-02,Saturday,Karunya,Unknown,9th,100,NA,6647,6647
2026-05-02,Saturday,Karunya,Unknown,9th,100,NA,6649,6649
2026-05-02,Saturday,Karunya,Unknown,9th,100,NA,6657,6657
2026-05-02,Saturday,Karunya,Unknown,9th,100,NA,6670,6670
2026-05-02,Saturday,Karunya,Unknown,9th,100,NA,6680,6680
2026-05-02,Saturday,Karunya,Unknown,9th,100,NA,6709,6709
2026-05-02,Saturday,Karunya,Unknown,9th,100,NA,6927,6927
2026-05-02,Saturday,Karunya,Unknown,9th,100,NA,6939,6939
2026-05-02,Saturday,Karunya,Unknown,9th,100,NA,6984,6984
2026-05-02,Saturday,Karunya,Unknown,9th,100,NA,7034,7034
2026-05-02,Saturday,Karunya,Unknown,9th,100,NA,7171,7171
2026-05-02,Saturday,Karunya,Unknown,9th,100,NA,7202,7202
2026-05-02,Saturday,Karunya,Unknown,9th,100,NA,7229,7229
2026-05-02,Saturday,Karunya,Unknown,9th,100,NA,7263,7263
2026-05-02,Saturday,Karunya,Unknown,9th,100,NA,7296,7296
2026-05-02,Saturday,Karunya,Unknown,9th,100,NA,7389,7389
2026-05-02,Saturday,Karunya,Unknown,9th,100,NA,7431,7431
2026-05-02,Saturday,Karunya,Unknown,9th,100,NA,7434,7434
2026-05-02,Saturday,Karunya,Unknown,9th,100,NA,7516,7516
2026-05-02,Saturday,Karunya,Unknown,9th,100,NA,7545,7545
2026-05-02,Saturday,Karunya,Unknown,9th,100,NA,7603,7603
2026-05-02,Saturday,Karunya,Unknown,9th,100,NA,7633,7633
2026-05-02,Saturday,Karunya,Unknown,9th,100,NA,7666,7666
2026-05-02,Saturday,Karunya,Unknown,9th,100,NA,7671,7671
2026-05-02,Saturday,Karunya,Unknown,9th,100,NA,7743,7743
2026-05-02,Saturday,Karunya,Unknown,9th,100,NA,7871,7871
2026-05-02,Saturday,Karunya,Unknown,9th,100,NA,7904,7904
2026-05-02,Saturday,Karunya,Unknown,9th,100,NA,7959,7959
2026-05-02,Saturday,Karunya,Unknown,9th,100,NA,8016,8016
2026-05-02,Saturday,Karunya,Unknown,9th,100,NA,8042,8042
2026-05-02,Saturday,Karunya,Unknown,9th,100,NA,8164,8164
2026-05-02,Saturday,Karunya,Unknown,9th,100,NA,8184,8184
2026-05-02,Saturday,Karunya,Unknown,9th,100,NA,8226,8226
2026-05-02,Saturday,Karunya,Unknown,9th,100,NA,8317,8317
2026-05-02,Saturday,Karunya,Unknown,9th,100,NA,8330,8330
2026-05-02,Saturday,Karunya,Unknown,9th,100,NA,8341,8341
2026-05-02,Saturday,Karunya,Unknown,9th,100,NA,8510,8510
2026-05-02,Saturday,Karunya,Unknown,9th,100,NA,8754,8754
2026-05-02,Saturday,Karunya,Unknown,9th,100,NA,8759,8759
2026-05-02,Saturday,Karunya,Unknown,9th,100,NA,8951,8951
2026-05-02,Saturday,Karunya,Unknown,9th,100,NA,8957,8957
2026-05-02,Saturday,Karunya,Unknown,9th,100,NA,8997,8997
2026-05-02,Saturday,Karunya,Unknown,9th,100,NA,9065,9065
2026-05-02,Saturday,Karunya,Unknown,9th,100,NA,9229,9229
2026-05-02,Saturday,Karunya,Unknown,9th,100,NA,9438,9438
2026-05-02,Saturday,Karunya,Unknown,9th,100,NA,9441,9441
2026-05-02,Saturday,Karunya,Unknown,9th,100,NA,9520,9520
2026-05-02,Saturday,Karunya,Unknown,9th,100,NA,9538,9538
2026-05-02,Saturday,Karunya,Unknown,9th,100,NA,9651,9651
2026-05-02,Saturday,Karunya,Unknown,9th,100,NA,9684,9684
2026-05-02,Saturday,Karunya,Unknown,9th,100,NA,9719,9719
2026-05-02,Saturday,Karunya,Unknown,9th,100,NA,9725,9725
2026-05-02,Saturday,Karunya,Unknown,9th,100,NA,9730,9730
2026-05-02,Saturday,Karunya,Unknown,9th,100,NA,9810,9810
2026-05-02,Saturday,Karunya,Unknown,9th,100,NA,9863,9863
2026-05-02,Saturday,Karunya,Unknown,9th,100,NA,2026,2026
2026-05-02,Saturday,Karunya,Unknown,9th,100,NA,2026,2026
2026-05-02,Saturday,Karunya,Unknown,9th,100,NA,2026,2026
2026-05-02,Saturday,Karunya,Unknown,8th,200,NA,6399,6399
2026-05-02,Saturday,Karunya,Unknown,8th,200,NA,5675,5675
2026-05-02,Saturday,Karunya,Unknown,8th,200,NA,2914,2914
2026-05-02,Saturday,Karunya,Unknown,9th,100,NA,6812,6812
2026-05-02,Saturday,Karunya,Unknown,9th,100,NA,4371,4371
2026-05-02,Saturday,Karunya,Unknown,9th,100,NA,3265,3265
2026-05-02,Saturday,Karunya,Unknown,9th,100,NA,8341,8341
2026-05-02,Saturday,Karunya,Unknown,9th,100,NA,5203,5203
2026-05-02,Saturday,Karunya,Unknown,9th,100,NA,4766,4766
2026-05-02,Saturday,Karunya,Unknown,9th,100,NA,6463,6463
2026-05-02,Saturday,Karunya,Unknown,9th,100,NA,2026,2026
